Workbook

Sheet 使い方
A1: コマ表の使い方
A3: 1. 「キャラ」シートに、キャラの名前・呼び出し名・見た目の特徴・LoRAのファイル名を書く
A4: 2. 「コマ表」シートに、ページ・コマ番号・出るキャラ・表情・場所などを書く（黄色い列）
A5: 3. 緑の列（指示文・保存名・使うLoRA）が自動でできる
A6: 4. ComfyUIで「指示文」を「指示文」欄に、「保存名」を「保存名」欄に貼る
A7: 5. 「使うLoRA」に出ているLoRAをオンにして実行する
A8: 6. 選んだ画像のファイル名を「採用した画像」に書いておく
A10: ・ページは、ネーム画像のファイル名と同じにする（p1.png なら p1）
A11: ・コマ番号は、コマ切り出しツールの確認用画像の番号と同じにする
A12: ・表情や場所は英語の短い単語をカンマで区切って書く（例: smile, looking at viewer）
A13: ・「共通設定」シートの画質タグは全部のコマに付く
A14: ・キャラの特徴には人数（1girl など）を書かない（人数はコマ表の「人数タグ」に書く）

Sheet 共通設定
A1: 項目 | B1: 内容
A2: 画質タグ | B2: masterpiece, best quality, amazing quality, monochrome, greyscale, manga, lineart, screentone
A3: 描かせないもの | B3: bad quality, worst quality, worst detail, lowres, bad anatomy, bad hands, censor, signature, watermark, username, text, speech bubble, frame, border, color
A4: 保存フォルダ | B4: manga

Sheet キャラ
A1: キャラ名 | B1: 呼び出し名（LoRAのトリガー） | C1: 見た目の特徴（英語タグ） | D1: LoRAファイル名 | E1: LoRAの強さ
A2: あかね | B2: akane01 | C2: short black hair, bob cut, red eyes, hair clip, school uniform, red ribbon | D2: akane01.safetensors | E2: 0.9
A3: そうた | B3: souta01 | C3: messy brown hair, glasses, gakuran | D3: souta01.safetensors | E3: 0.9

Sheet コマ表
A1: ページ | B1: コマ | C1: キャラ1 | D1: キャラ2 | E1: 人数タグ | F1: 表情・動き | G1: 場所・背景 | H1: カメラ・構図 | I1: 追加の指示 | J1: 指示文（自動） | K1: 保存名（自動） | L1: 使うLoRA（自動） | M1: 採用した画像 | N1: メモ
A2: p1 | B2: 1 | C2: あかね | E2: 1girl, solo | F2: surprised, looking back | G2: classroom | H2: upper body | J2: =IF(AND(C2="",F2=""),"",_xlfn.TEXTJOIN(", ",TRUE,共通設定!$B$2,E2,IFERROR(VLOOKUP(C2,キャラ!$A:$E,2,FALSE),""),IFERROR(VLOOKUP(C2,キャラ!$A:$E,3,FALSE),""),IFERROR(VLOOKUP(D2,キャラ!$A:$E,2,FALSE),""),IFERROR(VLOOKUP(D2,キャラ!$A:$E,3,FALSE),""),F2,G2,H2,I2)) | K2: =IF(OR(A2="",B2=""),"",共通設定!$B$4&"/"&A2&"_c"&TEXT(B2,"00")) | L2: =IF(IFERROR(VLOOKUP(C2,キャラ!$A:$E,4,FALSE),"")="","",IFERROR(VLOOKUP(C2,キャラ!$A:$E,4,FALSE),"")&"（"&IF(D2="",IFERROR(VLOOKUP(C2,キャラ!$A:$E,5,FALSE),""),0.5)&"）")&IF(IFERROR(VLOOKUP(D2,キャラ!$A:$E,4,FALSE),"")="",""," / "&IFERROR(VLOOKUP(D2,キャラ!$A:$E,4,FALSE),"")&"（0.5）")
A3: p1 | B3: 2 | C3: あかね | D3: そうた | E3: 1girl, 1boy | F3: talking, smile | G3: school hallway | H3: from side | J3: =IF(AND(C3="",F3=""),"",_xlfn.TEXTJOIN(", ",TRUE,共通設定!$B$2,E3,IFERROR(VLOOKUP(C3,キャラ!$A:$E,2,FALSE),""),IFERROR(VLOOKUP(C3,キャラ!$A:$E,3,FALSE),""),IFERROR(VLOOKUP(D3,キャラ!$A:$E,2,FALSE),""),IFERROR(VLOOKUP(D3,キャラ!$A:$E,3,FALSE),""),F3,G3,H3,I3)) | K3: =IF(OR(A3="",B3=""),"",共通設定!$B$4&"/"&A3&"_c"&TEXT(B3,"00")) | L3: =IF(IFERROR(VLOOKUP(C3,キャラ!$A:$E,4,FALSE),"")="","",IFERROR(VLOOKUP(C3,キャラ!$A:$E,4,FALSE),"")&"（"&IF(D3="",IFERROR(VLOOKUP(C3,キャラ!$A:$E,5,FALSE),""),0.5)&"）")&IF(IFERROR(VLOOKUP(D3,キャラ!$A:$E,4,FALSE),"")="",""," / "&IFERROR(VLOOKUP(D3,キャラ!$A:$E,4,FALSE),"")&"（0.5）")
J4: =IF(AND(C4="",F4=""),"",_xlfn.TEXTJOIN(", ",TRUE,共通設定!$B$2,E4,IFERROR(VLOOKUP(C4,キャラ!$A:$E,2,FALSE),""),IFERROR(VLOOKUP(C4,キャラ!$A:$E,3,FALSE),""),IFERROR(VLOOKUP(D4,キャラ!$A:$E,2,FALSE),""),IFERROR(VLOOKUP(D4,キャラ!$A:$E,3,FALSE),""),F4,G4,H4,I4)) | K4: =IF(OR(A4="",B4=""),"",共通設定!$B$4&"/"&A4&"_c"&TEXT(B4,"00")) | L4: =IF(IFERROR(VLOOKUP(C4,キャラ!$A:$E,4,FALSE),"")="","",IFERROR(VLOOKUP(C4,キャラ!$A:$E,4,FALSE),"")&"（"&IF(D4="",IFERROR(VLOOKUP(C4,キャラ!$A:$E,5,FALSE),""),0.5)&"）")&IF(IFERROR(VLOOKUP(D4,キャラ!$A:$E,4,FALSE),"")="",""," / "&IFERROR(VLOOKUP(D4,キャラ!$A:$E,4,FALSE),"")&"（0.5）")
J5: =IF(AND(C5="",F5=""),"",_xlfn.TEXTJOIN(", ",TRUE,共通設定!$B$2,E5,IFERROR(VLOOKUP(C5,キャラ!$A:$E,2,FALSE),""),IFERROR(VLOOKUP(C5,キャラ!$A:$E,3,FALSE),""),IFERROR(VLOOKUP(D5,キャラ!$A:$E,2,FALSE),""),IFERROR(VLOOKUP(D5,キャラ!$A:$E,3,FALSE),""),F5,G5,H5,I5)) | K5: =IF(OR(A5="",B5=""),"",共通設定!$B$4&"/"&A5&"_c"&TEXT(B5,"00")) | L5: =IF(IFERROR(VLOOKUP(C5,キャラ!$A:$E,4,FALSE),"")="","",IFERROR(VLOOKUP(C5,キャラ!$A:$E,4,FALSE),"")&"（"&IF(D5="",IFERROR(VLOOKUP(C5,キャラ!$A:$E,5,FALSE),""),0.5)&"）")&IF(IFERROR(VLOOKUP(D5,キャラ!$A:$E,4,FALSE),"")="",""," / "&IFERROR(VLOOKUP(D5,キャラ!$A:$E,4,FALSE),"")&"（0.5）")
J6: =IF(AND(C6="",F6=""),"",_xlfn.TEXTJOIN(", ",TRUE,共通設定!$B$2,E6,IFERROR(VLOOKUP(C6,キャラ!$A:$E,2,FALSE),""),IFERROR(VLOOKUP(C6,キャラ!$A:$E,3,FALSE),""),IFERROR(VLOOKUP(D6,キャラ!$A:$E,2,FALSE),""),IFERROR(VLOOKUP(D6,キャラ!$A:$E,3,FALSE),""),F6,G6,H6,I6)) | K6: =IF(OR(A6="",B6=""),"",共通設定!$B$4&"/"&A6&"_c"&TEXT(B6,"00")) | L6: =IF(IFERROR(VLOOKUP(C6,キャラ!$A:$E,4,FALSE),"")="","",IFERROR(VLOOKUP(C6,キャラ!$A:$E,4,FALSE),"")&"（"&IF(D6="",IFERROR(VLOOKUP(C6,キャラ!$A:$E,5,FALSE),""),0.5)&"）")&IF(IFERROR(VLOOKUP(D6,キャラ!$A:$E,4,FALSE),"")="",""," / "&IFERROR(VLOOKUP(D6,キャラ!$A:$E,4,FALSE),"")&"（0.5）")
J7: =IF(AND(C7="",F7=""),"",_xlfn.TEXTJOIN(", ",TRUE,共通設定!$B$2,E7,IFERROR(VLOOKUP(C7,キャラ!$A:$E,2,FALSE),""),IFERROR(VLOOKUP(C7,キャラ!$A:$E,3,FALSE),""),IFERROR(VLOOKUP(D7,キャラ!$A:$E,2,FALSE),""),IFERROR(VLOOKUP(D7,キャラ!$A:$E,3,FALSE),""),F7,G7,H7,I7)) | K7: =IF(OR(A7="",B7=""),"",共通設定!$B$4&"/"&A7&"_c"&TEXT(B7,"00")) | L7: =IF(IFERROR(VLOOKUP(C7,キャラ!$A:$E,4,FALSE),"")="","",IFERROR(VLOOKUP(C7,キャラ!$A:$E,4,FALSE),"")&"（"&IF(D7="",IFERROR(VLOOKUP(C7,キャラ!$A:$E,5,FALSE),""),0.5)&"）")&IF(IFERROR(VLOOKUP(D7,キャラ!$A:$E,4,FALSE),"")="",""," / "&IFERROR(VLOOKUP(D7,キャラ!$A:$E,4,FALSE),"")&"（0.5）")
J8: =IF(AND(C8="",F8=""),"",_xlfn.TEXTJOIN(", ",TRUE,共通設定!$B$2,E8,IFERROR(VLOOKUP(C8,キャラ!$A:$E,2,FALSE),""),IFERROR(VLOOKUP(C8,キャラ!$A:$E,3,FALSE),""),IFERROR(VLOOKUP(D8,キャラ!$A:$E,2,FALSE),""),IFERROR(VLOOKUP(D8,キャラ!$A:$E,3,FALSE),""),F8,G8,H8,I8)) | K8: =IF(OR(A8="",B8=""),"",共通設定!$B$4&"/"&A8&"_c"&TEXT(B8,"00")) | L8: =IF(IFERROR(VLOOKUP(C8,キャラ!$A:$E,4,FALSE),"")="","",IFERROR(VLOOKUP(C8,キャラ!$A:$E,4,FALSE),"")&"（"&IF(D8="",IFERROR(VLOOKUP(C8,キャラ!$A:$E,5,FALSE),""),0.5)&"）")&IF(IFERROR(VLOOKUP(D8,キャラ!$A:$E,4,FALSE),"")="",""," / "&IFERROR(VLOOKUP(D8,キャラ!$A:$E,4,FALSE),"")&"（0.5）")
J9: =IF(AND(C9="",F9=""),"",_xlfn.TEXTJOIN(", ",TRUE,共通設定!$B$2,E9,IFERROR(VLOOKUP(C9,キャラ!$A:$E,2,FALSE),""),IFERROR(VLOOKUP(C9,キャラ!$A:$E,3,FALSE),""),IFERROR(VLOOKUP(D9,キャラ!$A:$E,2,FALSE),""),IFERROR(VLOOKUP(D9,キャラ!$A:$E,3,FALSE),""),F9,G9,H9,I9)) | K9: =IF(OR(A9="",B9=""),"",共通設定!$B$4&"/"&A9&"_c"&TEXT(B9,"00")) | L9: =IF(IFERROR(VLOOKUP(C9,キャラ!$A:$E,4,FALSE),"")="","",IFERROR(VLOOKUP(C9,キャラ!$A:$E,4,FALSE),"")&"（"&IF(D9="",IFERROR(VLOOKUP(C9,キャラ!$A:$E,5,FALSE),""),0.5)&"）")&IF(IFERROR(VLOOKUP(D9,キャラ!$A:$E,4,FALSE),"")="",""," / "&IFERROR(VLOOKUP(D9,キャラ!$A:$E,4,FALSE),"")&"（0.5）")
J10: =IF(AND(C10="",F10=""),"",_xlfn.TEXTJOIN(", ",TRUE,共通設定!$B$2,E10,IFERROR(VLOOKUP(C10,キャラ!$A:$E,2,FALSE),""),IFERROR(VLOOKUP(C10,キャラ!$A:$E,3,FALSE),""),IFERROR(VLOOKUP(D10,キャラ!$A:$E,2,FALSE),""),IFERROR(VLOOKUP(D10,キャラ!$A:$E,3,FALSE),""),F10,G10,H10,I10)) | K10: =IF(OR(A10="",B10=""),"",共通設定!$B$4&"/"&A10&"_c"&TEXT(B10,"00")) | L10: =IF(IFERROR(VLOOKUP(C10,キャラ!$A:$E,4,FALSE),"")="","",IFERROR(VLOOKUP(C10,キャラ!$A:$E,4,FALSE),"")&"（"&IF(D10="",IFERROR(VLOOKUP(C10,キャラ!$A:$E,5,FALSE),""),0.5)&"）")&IF(IFERROR(VLOOKUP(D10,キャラ!$A:$E,4,FALSE),"")="",""," / "&IFERROR(VLOOKUP(D10,キャラ!$A:$E,4,FALSE),"")&"（0.5）")
J11: =IF(AND(C11="",F11=""),"",_xlfn.TEXTJOIN(", ",TRUE,共通設定!$B$2,E11,IFERROR(VLOOKUP(C11,キャラ!$A:$E,2,FALSE),""),IFERROR(VLOOKUP(C11,キャラ!$A:$E,3,FALSE),""),IFERROR(VLOOKUP(D11,キャラ!$A:$E,2,FALSE),""),IFERROR(VLOOKUP(D11,キャラ!$A:$E,3,FALSE),""),F11,G11,H11,I11)) | K11: =IF(OR(A11="",B11=""),"",共通設定!$B$4&"/"&A11&"_c"&TEXT(B11,"00")) | L11: =IF(IFERROR(VLOOKUP(C11,キャラ!$A:$E,4,FALSE),"")="","",IFERROR(VLOOKUP(C11,キャラ!$A:$E,4,FALSE),"")&"（"&IF(D11="",IFERROR(VLOOKUP(C11,キャラ!$A:$E,5,FALSE),""),0.5)&"）")&IF(IFERROR(VLOOKUP(D11,キャラ!$A:$E,4,FALSE),"")="",""," / "&IFERROR(VLOOKUP(D11,キャラ!$A:$E,4,FALSE),"")&"（0.5）")
J12: =IF(AND(C12="",F12=""),"",_xlfn.TEXTJOIN(", ",TRUE,共通設定!$B$2,E12,IFERROR(VLOOKUP(C12,キャラ!$A:$E,2,FALSE),""),IFERROR(VLOOKUP(C12,キャラ!$A:$E,3,FALSE),""),IFERROR(VLOOKUP(D12,キャラ!$A:$E,2,FALSE),""),IFERROR(VLOOKUP(D12,キャラ!$A:$E,3,FALSE),""),F12,G12,H12,I12)) | K12: =IF(OR(A12="",B12=""),"",共通設定!$B$4&"/"&A12&"_c"&TEXT(B12,"00")) | L12: =IF(IFERROR(VLOOKUP(C12,キャラ!$A:$E,4,FALSE),"")="","",IFERROR(VLOOKUP(C12,キャラ!$A:$E,4,FALSE),"")&"（"&IF(D12="",IFERROR(VLOOKUP(C12,キャラ!$A:$E,5,FALSE),""),0.5)&"）")&IF(IFERROR(VLOOKUP(D12,キャラ!$A:$E,4,FALSE),"")="",""," / "&IFERROR(VLOOKUP(D12,キャラ!$A:$E,4,FALSE),"")&"（0.5）")
J13: =IF(AND(C13="",F13=""),"",_xlfn.TEXTJOIN(", ",TRUE,共通設定!$B$2,E13,IFERROR(VLOOKUP(C13,キャラ!$A:$E,2,FALSE),""),IFERROR(VLOOKUP(C13,キャラ!$A:$E,3,FALSE),""),IFERROR(VLOOKUP(D13,キャラ!$A:$E,2,FALSE),""),IFERROR(VLOOKUP(D13,キャラ!$A:$E,3,FALSE),""),F13,G13,H13,I13)) | K13: =IF(OR(A13="",B13=""),"",共通設定!$B$4&"/"&A13&"_c"&TEXT(B13,"00")) | L13: =IF(IFERROR(VLOOKUP(C13,キャラ!$A:$E,4,FALSE),"")="","",IFERROR(VLOOKUP(C13,キャラ!$A:$E,4,FALSE),"")&"（"&IF(D13="",IFERROR(VLOOKUP(C13,キャラ!$A:$E,5,FALSE),""),0.5)&"）")&IF(IFERROR(VLOOKUP(D13,キャラ!$A:$E,4,FALSE),"")="",""," / "&IFERROR(VLOOKUP(D13,キャラ!$A:$E,4,FALSE),"")&"（0.5）")
J14: =IF(AND(C14="",F14=""),"",_xlfn.TEXTJOIN(", ",TRUE,共通設定!$B$2,E14,IFERROR(VLOOKUP(C14,キャラ!$A:$E,2,FALSE),""),IFERROR(VLOOKUP(C14,キャラ!$A:$E,3,FALSE),""),IFERROR(VLOOKUP(D14,キャラ!$A:$E,2,FALSE),""),IFERROR(VLOOKUP(D14,キャラ!$A:$E,3,FALSE),""),F14,G14,H14,I14)) | K14: =IF(OR(A14="",B14=""),"",共通設定!$B$4&"/"&A14&"_c"&TEXT(B14,"00")) | L14: =IF(IFERROR(VLOOKUP(C14,キャラ!$A:$E,4,FALSE),"")="","",IFERROR(VLOOKUP(C14,キャラ!$A:$E,4,FALSE),"")&"（"&IF(D14="",IFERROR(VLOOKUP(C14,キャラ!$A:$E,5,FALSE),""),0.5)&"）")&IF(IFERROR(VLOOKUP(D14,キャラ!$A:$E,4,FALSE),"")="",""," / "&IFERROR(VLOOKUP(D14,キャラ!$A:$E,4,FALSE),"")&"（0.5）")
J15: =IF(AND(C15="",F15=""),"",_xlfn.TEXTJOIN(", ",TRUE,共通設定!$B$2,E15,IFERROR(VLOOKUP(C15,キャラ!$A:$E,2,FALSE),""),IFERROR(VLOOKUP(C15,キャラ!$A:$E,3,FALSE),""),IFERROR(VLOOKUP(D15,キャラ!$A:$E,2,FALSE),""),IFERROR(VLOOKUP(D15,キャラ!$A:$E,3,FALSE),""),F15,G15,H15,I15)) | K15: =IF(OR(A15="",B15=""),"",共通設定!$B$4&"/"&A15&"_c"&TEXT(B15,"00")) | L15: =IF(IFERROR(VLOOKUP(C15,キャラ!$A:$E,4,FALSE),"")="","",IFERROR(VLOOKUP(C15,キャラ!$A:$E,4,FALSE),"")&"（"&IF(D15="",IFERROR(VLOOKUP(C15,キャラ!$A:$E,5,FALSE),""),0.5)&"）")&IF(IFERROR(VLOOKUP(D15,キャラ!$A:$E,4,FALSE),"")="",""," / "&IFERROR(VLOOKUP(D15,キャラ!$A:$E,4,FALSE),"")&"（0.5）")
... J301: =IF(AND(C301="",F301=""),"",_xlfn.TEXTJOIN(", ",TRUE,共通設定!$B$2,E301,IFERROR(VLOOKUP(C301,キャラ!$A:$E,2,FALSE),""),IFERROR(VLOOKUP(C301,キャラ!$A:$E,3,FALSE),""),IFERROR(VLOOKUP(D301,キャラ!$A:$E,2,FALSE),""),IFERROR(VLOOKUP(D301,キャラ!$A:$E,3,FALSE),""),F301,G301,H301,I301)) | K301: =IF(OR(A301="",B301=""),"",共通設定!$B$4&"/"&A301&"_c"&TEXT(B301,"00")) | L301: =IF(IFERROR(VLOOKUP(C301,キャラ!$A:$E,4,FALSE),"")="","",IFERROR(VLOOKUP(C301,キャラ!$A:$E,4,FALSE),"")&"（"&IF(D301="",IFERROR(VLOOKUP(C301,キャラ!$A:$E,5,FALSE),""),0.5)&"）")&IF(IFERROR(VLOOKUP(D301,キャラ!$A:$E,4,FALSE),"")="",""," / "&IFERROR(VLOOKUP(D301,キャラ!$A:$E,4,FALSE),"")&"（0.5）")
